{
	"pages": [ //pages数组中第一项表示应用启动页，参考：https://uniapp.dcloud.io/collocation/pages
		{
			"path": "pages/index/index",
			"style": {
				"titleNView":false, //app和5+app取消导航
				"navigationStyle":"custom",//微信小程序百度小程序取消导航
				"navigationBarTitleText": "主页"
			}
		},
		{
			"path": "pages/pages/my",
			"style": {
				"navigationBarTextStyle": "white",
				"navigationBarTitleText": "我的"
			}
		},
		{
			"path": "pages/pages/news/news",
			"style": {
				"navigationBarTitleText": "关注",
				"app-plus": {
					// #ifdef APP-PLUS
					"titleNView": false,
					"navigationBarTextStyle": "white",
					// #endif
					"bounce": "none"
				}
			}
		},
		{
			"path": "pages/pages/chat/chat",
			"style": {
				"navigationBarTitleText": ""
			}
		},
		{
			"path": "pages/pages/chat/news",
			"style": {
				"navigationBarTitleText": "消息"
			}
		},
		{
			"path": "pages/pages/info",
			"style": {
				"navigationBarTitleText": "日记"
			}
		},
		{
			"path": "pages/pages/menu/tabbar",
			"style": {
				"navigationBarTitleText": "发布"
			}
		},
		{
			"path": "pages/pages/tabbar/imgs",
			"style": {}
		},
		{
			"path": "pages/pages/tabbar/tiwen",
			"style": {}
		},
		{
			"path": "pages/pages/auth/login",
			"style": {
				"navigationBarTitleText": "登录"
			}
		},
		{
			"path": "pages/pages/auth/register",
			"style": {
				"navigationBarTitleText": "用户注册"
			}
		},
		{
			"path": "pages/pages/auth/retrieve",
			"style": {
				"navigationBarTitleText": "找回密码"
			}
		},
		{
			"path": "pages/pages/news/article",
			"style": {
				"navigationBarTitleText": "文章"
			}
		},
		{
			"path": "pages/common/commonurl",
			"style": {
				"navigationBarTitleText": ""
			}
		},
		{
			"path": "pages/index/bus/bus",
			"style": {
				"navigationBarTitleText": "班线查询"
			}
		},
		{
			"path": "pages/index/tkiqrcode",
			"style": {
				"navigationBarTitleText": "我的运动"
			}
		},
		{
			"path": "pages/common/mdeditor",
			"style": {
				"navigationBarTitleText": "发布信息"
			}
		}	
	],
	"tabBar": {
        "borderStyle": "black",
        "backgroundColor": "#FFFFFF",
        "color": "#C0C4CC",
        "selectedColor": "#fa436a",
        "list": [{
                "pagePath": "pages/index/index",
                "iconPath": "static/img/tabbar/home.png",
                "selectedIconPath": "static/img/tabbar/homeactive.png",
                "text": "首页"
            },
            {
                "pagePath": "pages/pages/news/news",
                "iconPath": "static/img/tabbar/guanzhu.png",
                "selectedIconPath": "static/img/tabbar/guanzhuactive.png",
                "text": "关注"
            },
            //#ifdef MP-WEIXIN
            {
                "pagePath": "pages/pages/menu/tabbar",
                "iconPath": "static/img/tabbar/add.png",
                "selectedIconPath": "static/img/tabbar/addactive.png",
                "text": "发布"
            },
            //#endif
            //#ifndef MP-WEIXIN
            {
                "pagePath": "pages/pages/menu/tabbar",
                "iconPath": "static/img/tabbar/add.png",
                "selectedIconPath": "static/img/tabbar/addactive.png"
            },
            //#endif
            {
                "pagePath": "pages/pages/chat/news",
                "iconPath": "static/img/tabbar/news.png",
                "selectedIconPath": "static/img/tabbar/newsactive.png",
                "text": "消息"
            },
            {
                "pagePath": "pages/pages/my",
                "iconPath": "static/img/tabbar/me.png",
                "selectedIconPath": "static/img/tabbar/meactive.png",
                "text": "我"
            }
        ]
    },
	"globalStyle": {
		"navigationBarTextStyle": "white",
		"navigationBarTitleText": "uni-app",
		"navigationBarBackgroundColor": "#ec706b",
		"backgroundColor": "#f8f8f8"
	},
	"condition" : { //模式配置，仅开发期间生效
		"current": 0, //当前激活的模式(list 的索引项)
		"list": [
			{
				"name": "", //模式名称
				"path": "", //启动页面，必选
				"query": "" //启动参数，在页面的onLoad函数里面得到
			}
		]
	}
}
